{
  "name": "mdi",
  "main": [
    "scss/materialdesignicons.scss"
  ],
  "homepage": "http://materialdesignicons.com",
  "authors": [
    {
      "name": "Austin Andrews",
      "homepage": "http://templarian.com"
    },
    {
      "name": "Google",
      "homepage": "http://www.google.com/design"
    }
  ],
  "license": [
    "OFL-1.1",
    "MIT"
  ],
  "ignore": [
    "*.md",
    "*.json"
  ],
  "keywords": [
    "material",
    "design",
    "icons",
    "webfont"
  ],
  "version": "2.6.95",
  "_release": "2.6.95",
  "_resolution": {
    "type": "version",
    "tag": "v2.6.95",
    "commit": "833be541a2cb8910a4efbc70101b8f03b99b9154"
  },
  "_source": "https://github.com/Templarian/MaterialDesign-Webfont.git",
  "_target": "^2.6.95",
  "_originalSource": "mdi",
  "_direct": true
}